{
    "creatinina": {
        "g1": 180,
        "g2": 180,
        "g3a": 90,
        "g3b": 90,
        "g4": 60,
        "g5": 30,
        "default": 180
    },
    "glicemia": {
        "g1": 180,
        "g2": 180,
        "g3a": 90,
        "g3b": 90,
        "g4": 60,
        "g5": 30,
        "default": 180
    },
    "colesterol_ldl": {
        "g1": 365,
        "g2": 365,
        "g3a": 180,
        "g3b": 180,
        "g4": 180,
        "g5": 180,
        "default": 365
    },
    "colesterol_hdl": {
        "g1": 365,
        "g2": 365,
        "g3a": 180,
        "g3b": 180,
        "g4": 180,
        "g5": 180,
        "default": 365
    },
    "trigliceridos": {
        "g1": 365,
        "g2": 365,
        "g3a": 180,
        "g3b": 180,
        "g4": 180,
        "g5": 180,
        "default": 365
    },
    "hba1c": {
        "g1": 180,
        "g2": 180,
        "g3a": 90,
        "g3b": 90,
        "g4": 90,
        "g5": 90,
        "default": 180
    },
    "rac": {
        "g1": 365,
        "g2": 365,
        "g3a": 180,
        "g3b": 180,
        "g4": 90,
        "g5": 90,
        "default": 365
    },
    "potasio": {
        "g1": 365,
        "g2": 365,
        "g3a": 180,
        "g3b": 90,
        "g4": 60,
        "g5": 30,
        "default": 180
    },
    "calcio": {
        "g1": 365,
        "g2": 365,
        "g3a": 180,
        "g3b": 180,
        "g4": 90,
        "g5": 90,
        "default": 365
    },
    "fosforo": {
        "g1": 365,
        "g2": 365,
        "g3a": 180,
        "g3b": 180,
        "g4": 90,
        "g5": 90,
        "default": 365
    },
    "pth": {
        "g1": 365,
        "g2": 365,
        "g3a": 180,
        "g3b": 180,
        "g4": 90,
        "g5": 90,
        "default": 365
    }
}
